protein,pocket_id,center_x,center_y,center_z,size,score
1GUA,1,0.16601073800251362,26.245998464211596,30.481405241066128,1045,251.9917
1GUA,2,-8.686936856758594,10.9903743310421,41.47515795241869,14,1.77025
1GUA,3,-3.911626118265109,7.278505812296615,35.01905109832247,10,1.2125000000000001
